{
    "counter": {
        "ACTIVE": 18708,
        "INACTIVE": 2292,
        "INVALID": 0,
        "MALICIOUS": 0,
        "SANE": 0,
        "VALID": 0,
        "total": 21000
    },
    "percentage": {
        "ACTIVE": 89.08995666460308,
        "INACTIVE": 10.914285714285715,
        "INVALID": 0,
        "MALICIOUS": 0,
        "SANE": 0,
        "VALID": 0,
        "total": 100.00424237888879
    }
}