{
    "counter": {
        "ACTIVE": 16651,
        "INACTIVE": 4349,
        "INVALID": 0,
        "MALICIOUS": 0,
        "SANE": 0,
        "VALID": 0,
        "total": 21000
    },
    "percentage": {
        "ACTIVE": 79.29047619047618,
        "INACTIVE": 20.711496332984094,
        "INVALID": 0,
        "MALICIOUS": 0,
        "SANE": 0,
        "VALID": 0,
        "total": 100.00197252346028
    }
}