{
    "counter": {
        "ACTIVE": 17426,
        "INACTIVE": 3574,
        "INVALID": 0,
        "MALICIOUS": 0,
        "SANE": 0,
        "VALID": 0,
        "total": 21000
    },
    "percentage": {
        "ACTIVE": 82.98095238095237,
        "INACTIVE": 17.01904761904762,
        "INVALID": 0.0,
        "MALICIOUS": 0.0,
        "SANE": 0.0,
        "VALID": 0.0,
        "total": 100.0
    }
}