{
    "counter": {
        "ACTIVE": 19109,
        "INACTIVE": 1891,
        "INVALID": 0,
        "MALICIOUS": 0,
        "SANE": 0,
        "VALID": 0,
        "total": 21000
    },
    "percentage": {
        "ACTIVE": 90.9995714081623,
        "INACTIVE": 9.004761904761905,
        "INVALID": 0,
        "MALICIOUS": 0,
        "SANE": 0,
        "VALID": 0,
        "total": 100.0043333129242
    }
}