{
    "counter": {
        "ACTIVE": 18915,
        "INACTIVE": 2085,
        "INVALID": 0,
        "MALICIOUS": 0,
        "SANE": 0,
        "VALID": 0,
        "total": 21000
    },
    "percentage": {
        "ACTIVE": 90.07571789132815,
        "INACTIVE": 9.928571428571429,
        "INVALID": 0,
        "MALICIOUS": 0,
        "SANE": 0,
        "VALID": 0,
        "total": 100.00428931989958
    }
}