{
    "counter": {
        "ACTIVE": 18260,
        "INACTIVE": 2740,
        "INVALID": 0,
        "MALICIOUS": 0,
        "SANE": 0,
        "VALID": 0,
        "total": 21000
    },
    "percentage": {
        "ACTIVE": 86.95652173913044,
        "INACTIVE": 13.047619047619047,
        "INVALID": 0,
        "MALICIOUS": 0,
        "SANE": 0,
        "VALID": 0,
        "total": 100.00414078674949
    }
}