{
    "counter": {
        "ACTIVE": 18588,
        "INACTIVE": 2412,
        "INVALID": 0,
        "MALICIOUS": 0,
        "SANE": 0,
        "VALID": 0,
        "total": 21000
    },
    "percentage": {
        "ACTIVE": 88.51850088099434,
        "INACTIVE": 11.485714285714286,
        "INVALID": 0,
        "MALICIOUS": 0,
        "SANE": 0,
        "VALID": 0,
        "total": 100.00421516670862
    }
}