{
    "counter": {
        "ACTIVE": 17947,
        "INACTIVE": 3052,
        "INVALID": 1,
        "MALICIOUS": 0,
        "SANE": 0,
        "VALID": 0,
        "total": 21000
    },
    "percentage": {
        "ACTIVE": 85.46190476190476,
        "INACTIVE": 14.53679447487497,
        "INVALID": 0.012698412698412698,
        "MALICIOUS": 0,
        "SANE": 0,
        "VALID": 0,
        "total": 100.01139764947814
    }
}