{
    "counter": {
        "ACTIVE": 18394,
        "INACTIVE": 2606,
        "INVALID": 0,
        "MALICIOUS": 0,
        "SANE": 0,
        "VALID": 0,
        "total": 21000
    },
    "percentage": {
        "ACTIVE": 87.5946473641602,
        "INACTIVE": 12.40952380952381,
        "INVALID": 0,
        "MALICIOUS": 0,
        "SANE": 0,
        "VALID": 0,
        "total": 100.004171173684
    }
}